method,mean_coverage,std_coverage,se_coverage,ci_coverage_lo,ci_coverage_hi,mean_width,std_width,se_width,ci_width_lo,ci_width_hi,min_coverage,max_coverage,rel_efficiency,mean_time,n_reps,K
DISCOM-CP,0.917944,0.024108937429924187,0.001078184459171991,0.872,0.966,3.5429696112599376,0.282272146409751,0.012623594150539529,3.1288835398008676,4.220633891770962,0.84,0.976,1.0340205945336984,0.0035363335609436036,500,2
Split Conformal,0.91111,0.015034024743893442,0.000672342026055192,0.879,0.937,3.438455895844765,0.12370124192163241,0.005532087716758336,3.2043523434249046,3.6829758437023803,0.862,0.948,1.0035181217472915,4.1889190673828125e-05,500,2
WCP,0.910184,0.018808565708208592,0.0008411446296565176,0.873475,0.944525,3.433543609497384,0.17215927204734213,0.0076991967050947276,3.125557637404805,3.785042052074165,0.845,0.96,1.002084464164315,0.0008048157691955566,500,2
RCP,0.9982880000000001,0.0036267142153745754,0.00016219159041084725,0.989475,1.0,6.862354233242788,0.8601739235036264,0.03846814730853625,5.194690363177844,8.663796601782286,0.97,1.0,2.0027875998730797,0.0003146357536315918,500,2
ACI,0.907442,0.016126209598042573,0.000721186017612655,0.875475,0.936,3.398669645612668,0.12968584057607382,0.005799727104946031,3.1622322599763764,3.6546910901084737,0.856,0.942,0.9919064494403904,0.0013756732940673829,500,2
Oracle Single-Source,0.9082899999999999,0.023392860021810076,0.0010461605039380909,0.861,0.948,3.4264013985695074,0.22881541464614003,0.010232936428971402,3.0349009915154976,3.8893834562964567,0.839,0.965,1.0,0.00032169055938720704,500,2
Uniform Mixture,0.9109340000000001,0.015045984314759876,0.0006728768743239735,0.879,0.936,3.43672481838447,0.1236617079695995,0.005530319704675039,3.203953556282411,3.6808453284039526,0.862,0.948,1.0030129043897986,3.5020828247070314e-05,500,2
DISCOM-CP,0.9188119999999999,0.024213480873265605,0.0010828597840902572,0.876,0.96905,3.552503808692095,0.3009384614010618,0.013458377134739415,3.124440999291535,4.265885349533484,0.85,0.987,1.0143642960034394,0.004515069007873535,500,3
Split Conformal,0.92595,0.012096590428711704,0.0005409759698914539,0.901475,0.949525,3.6080720059948965,0.11036297676192695,0.004935582364777966,3.3719290490038105,3.8019834256291336,0.879,0.964,1.0302309631127953,4.461097717285156e-05,500,3
WCP,0.922112,0.015588439819301981,0.0006971362219824754,0.891475,0.951,3.5686551911249245,0.1602398580471328,0.007166144305966113,3.259798354325482,3.918332328212075,0.867,0.965,1.018976081536469,0.0008713898658752441,500,3
RCP,0.999616,0.0011262965861619232,5.0369514589680185e-05,0.997,1.0,7.624645679706743,0.8379321534499338,0.037473465112936734,6.261905128203621,9.48911361800201,0.983,1.0,2.1771034638295967,0.00045217180252075196,500,3
ACI,0.9198800000000001,0.013713847016792914,0.0006133018832516331,0.891475,0.945,3.537272573844661,0.12461163923648769,0.005572801922409329,3.2875544898633233,3.7799011152549062,0.879,0.967,1.010015244842543,0.0014024343490600586,500,3
Oracle Single-Source,0.9143720000000001,0.025467658235495457,0.0011389483008460038,0.865475,0.962525,3.5021972112867523,0.28794829221908236,0.012877439108136837,3.0390833721319344,4.148976963848721,0.845,0.981,1.0,0.00045655012130737307,500,3
Uniform Mixture,0.9258240000000001,0.012121593294612702,0.0005420941320471928,0.901,0.949525,3.606991702845812,0.11037757663072595,0.004936235290759908,3.3708431026229846,3.8001382023561865,0.879,0.964,1.0299224987163293,4.585647583007813e-05,500,3
DISCOM-CP,0.91902,0.022695365165601535,0.001014967585689316,0.878,0.962525,3.536942964756543,0.26726616300907713,0.011952506171476723,3.1144735013062577,4.181331827275979,0.86,0.977,1.0081379068192946,0.008855286598205567,500,5
Split Conformal,0.950662,0.008806801689603318,0.00039385214484626046,0.934,0.968,3.9611056184707296,0.08748331981442595,0.003912373000048214,3.7840127645551824,4.128739726006567,0.924,0.974,1.129037354202883,5.2625179290771484e-05,500,5
WCP,0.939276,0.013211957614222019,0.0005908567068249275,0.911475,0.963,3.7850294103786637,0.1620800443789557,0.007248439940550552,3.480571440999099,4.112502804109101,0.885,0.983,1.078850200597246,0.0011062350273132325,500,5
RCP,0.999962,0.00022035426022657257,9.85454209996589e-06,0.999,1.0,9.017404802399193,0.9374700322515714,0.041924934379668675,7.474411313903879,11.198017904899086,0.998,1.0,2.5702386758896236,0.0007848925590515137,500,5
ACI,0.9416359999999999,0.009984362974171131,0.0004465142864455725,0.921,0.960525,3.815485155682306,0.10081458325032988,0.004508565225420986,3.6281118314124354,4.00909109662144,0.909,0.97,1.0875310279747237,0.001540904998779297,500,5
Oracle Single-Source,0.9153020000000001,0.02654435525681495,0.0011870996554628423,0.869,0.967525,3.50839199759456,0.3217070727602764,0.014387177670688978,3.043761640464281,4.29325018057999,0.842,0.975,1.0,0.0007430715560913086,500,5
Uniform Mixture,0.950622,0.00882400793290667,0.00039462163143953434,0.934,0.968,3.9603060601650886,0.08754596187133454,0.003915174437998175,3.7831067893507573,4.128540281695099,0.924,0.974,1.1288094554087378,7.500362396240235e-05,500,5
DISCOM-CP,0.919084,0.021945772804802283,0.0009814447962060826,0.8759,0.96605,3.540285457740955,0.26328311657800446,0.011774378919928396,3.1365779652990105,4.209601467733039,0.846,0.978,1.009787816096346,0.011636932373046876,500,8
Split Conformal,0.974306,0.005551969380319028,0.0002482916188678146,0.962475,0.984,4.488567903302374,0.08816152750043249,0.0039427033698236835,4.315168032405402,4.667024493938646,0.953,0.988,1.280264327433086,5.8206081390380856e-05,500,8
WCP,0.9500799999999999,0.012098165150137423,0.0005410463935745245,0.92395,0.973,3.9603717410319423,0.17353152672089445,0.007760565799744823,3.640943058587663,4.3191383746959335,0.898,0.98,1.1296081005451364,0.001254960536956787,500,8
RCP,1.0,0.0,0.0,1.0,1.0,11.080628860730272,1.076331499070937,0.04813500796493733,9.399322236104434,13.440895241137508,1.0,1.0,3.160503341273131,0.0012117471694946288,500,8
ACI,0.9652419999999999,0.007098974292107282,0.0003174757817535066,0.951,0.978,4.248280073209146,0.09771663990630435,0.004370020987267304,4.073490685308739,4.434317193374271,0.94,0.984,1.2117275594010533,0.0016058006286621095,500,8
Oracle Single-Source,0.915182,0.026489108629774605,0.0011846289511910466,0.865,0.967,3.505969671358333,0.3131687604861176,0.01400533273752618,3.0570422396001247,4.283161893604555,0.838,0.993,1.0,0.0011525764465332032,500,8
Uniform Mixture,0.9742819999999999,0.005563674684954186,0.0002488150960050457,0.962475,0.984,4.487966914946378,0.08815505728554471,0.003942414013017321,4.314220266745163,4.665980973923028,0.953,0.988,1.2800929088492616,0.00011260032653808593,500,8
DISCOM-CP,0.92159,0.024063455695306924,0.0010761504541652149,0.880475,0.972,3.5711376013062655,0.2941351262145277,0.013154122735723285,3.164174284232991,4.31131077211368,0.849,0.982,1.0131314836820184,0.011918625831604003,500,10
Split Conformal,0.9843679999999999,0.004175712633790791,0.00018674354607321788,0.976,0.992,4.8471913223874,0.08497517062388976,0.003800205158293214,4.700693203916196,5.025570370470519,0.969,0.995,1.3751478336608043,6.250286102294922e-05,500,10
WCP,0.9534900000000001,0.012033199906924166,0.0005381410595745315,0.928,0.976525,4.019474209214637,0.18509620439518867,0.008277753908096744,3.694527050283931,4.457757008678,0.915,0.987,1.1403245474813593,0.0015349564552307128,500,10
RCP,1.0,0.0,0.0,1.0,1.0,12.505674078612955,1.229133175881022,0.0549685066934034,10.630540938107995,15.268467543114205,1.0,1.0,3.547858847296855,0.0014678754806518556,500,10
ACI,0.976616,0.005642742595582405,0.0002523511204651172,0.965,0.987,4.5502845301640535,0.09469140061769839,0.004234728173316783,4.371591277976695,4.749433622757543,0.957,0.991,1.2909153978088568,0.0016512970924377442,500,10
Oracle Single-Source,0.91715,0.02615284879320032,0.001169590954137385,0.871475,0.969525,3.524851076908299,0.3171703174011553,0.014184287803083354,3.0732371237158245,4.318724481633052,0.845,0.986,1.0,0.0014106130599975586,500,10
Uniform Mixture,0.984352,0.004179485135755364,0.0001869122574899786,0.976,0.992,4.846665293936322,0.08495709834353148,0.003799396941345423,4.700110265027638,5.024937483592298,0.969,0.995,1.3749985994266194,0.00013815784454345703,500,10
